<?xml version="1.0" encoding="UTF-8"?>
<metadata xml:lang="es"><Esri><CreaDate>20200928</CreaDate><CreaTime>08465100</CreaTime><ArcGISFormat>1.0</ArcGISFormat><SyncOnce>FALSE</SyncOnce><DataProperties><itemProps><itemName Sync="TRUE">MGN_AMN_MPIOS</itemName><imsContentType Sync="TRUE">002</imsContentType><itemSize Sync="TRUE">0.000</itemSize><itemLocation><linkage Sync="TRUE">file://\\DG_EST98\MARCO_2019_ANM\AJUSTE_MGN2018_ANM\RESULTADOS\EJERCICIO_2\SHAPEFILE\MGN_AMN_MPIOS.shp</linkage><protocol Sync="TRUE">Local Area Network</protocol></itemLocation></itemProps><coordRef><type Sync="TRUE">Geographic</type><geogcsn Sync="TRUE">GCS_MAGNA</geogcsn><csUnits Sync="TRUE">Angular Unit: Degree (0.017453)</csUnits><peXml Sync="TRUE">&lt;GeographicCoordinateSystem xsi:type='typens:GeographicCoordinateSystem' xmlns:xsi='http://www.w3.org/2001/XMLSchema-instance' xmlns:xs='http://www.w3.org/2001/XMLSchema' xmlns:typens='http://www.esri.com/schemas/ArcGIS/10.5'&gt;&lt;WKT&gt;GEOGCS[&amp;quot;GCS_MAGNA&amp;quot;,DATUM[&amp;quot;D_MAGNA&amp;quot;,SPHEROID[&amp;quot;GRS_1980&amp;quot;,6378137.0,298.257222101]],PRIMEM[&amp;quot;Greenwich&amp;quot;,0.0],UNIT[&amp;quot;Degree&amp;quot;,0.0174532925199433],AUTHORITY[&amp;quot;EPSG&amp;quot;,4686]]&lt;/WKT&gt;&lt;XOrigin&gt;-400&lt;/XOrigin&gt;&lt;YOrigin&gt;-400&lt;/YOrigin&gt;&lt;XYScale&gt;11258999068426.238&lt;/XYScale&gt;&lt;ZOrigin&gt;-100000&lt;/ZOrigin&gt;&lt;ZScale&gt;10000&lt;/ZScale&gt;&lt;MOrigin&gt;-100000&lt;/MOrigin&gt;&lt;MScale&gt;10000&lt;/MScale&gt;&lt;XYTolerance&gt;8.9831528411952133e-009&lt;/XYTolerance&gt;&lt;ZTolerance&gt;0.001&lt;/ZTolerance&gt;&lt;MTolerance&gt;0.001&lt;/MTolerance&gt;&lt;HighPrecision&gt;true&lt;/HighPrecision&gt;&lt;LeftLongitude&gt;-180&lt;/LeftLongitude&gt;&lt;WKID&gt;4686&lt;/WKID&gt;&lt;LatestWKID&gt;4686&lt;/LatestWKID&gt;&lt;/GeographicCoordinateSystem&gt;</peXml></coordRef><lineage><Process ToolSource="c:\program files (x86)\arcgis\desktop10.5\ArcToolbox\Toolboxes\Conversion Tools.tbx\FeatureClassToFeatureClass" Date="20200928" Time="084654">FeatureClassToFeatureClass E:\JEZORAH\MARCO_2019_ANM\AJUSTE_MGN2018_ANM\RESULTADOS\EJERCICIO_2\MGN2018CNPVANM_2.gdb\MGN_AMN_MPIOS E:\JEZORAH\MARCO_2019_ANM\AJUSTE_MGN2018_ANM\RESULTADOS\EJERCICIO_2\SHAPEFILE MGN_AMN_MPIOS.shp # "DPTO_CCDGO "DPTO_CCDGO" true true false 2 Text 0 0 ,First,#,E:\JEZORAH\MARCO_2019_ANM\AJUSTE_MGN2018_ANM\RESULTADOS\EJERCICIO_2\MGN2018CNPVANM_2.gdb\MGN_AMN_MPIOS,DPTO_CCDGO,-1,-1;MPIO_CCDGO "MPIO_CCDGO" true true false 3 Text 0 0 ,First,#,E:\JEZORAH\MARCO_2019_ANM\AJUSTE_MGN2018_ANM\RESULTADOS\EJERCICIO_2\MGN2018CNPVANM_2.gdb\MGN_AMN_MPIOS,MPIO_CCDGO,-1,-1;MPIO_CNMBR "MPIO_CNMBR" true true false 60 Text 0 0 ,First,#,E:\JEZORAH\MARCO_2019_ANM\AJUSTE_MGN2018_ANM\RESULTADOS\EJERCICIO_2\MGN2018CNPVANM_2.gdb\MGN_AMN_MPIOS,MPIO_CNMBR,-1,-1;MPIO_CDPMP "MPIO_CDPMP" true true false 5 Text 0 0 ,First,#,E:\JEZORAH\MARCO_2019_ANM\AJUSTE_MGN2018_ANM\RESULTADOS\EJERCICIO_2\MGN2018CNPVANM_2.gdb\MGN_AMN_MPIOS,MPIO_CDPMP,-1,-1;VERSION "VERSION" true true false 2 Short 0 0 ,First,#,E:\JEZORAH\MARCO_2019_ANM\AJUSTE_MGN2018_ANM\RESULTADOS\EJERCICIO_2\MGN2018CNPVANM_2.gdb\MGN_AMN_MPIOS,VERSION,-1,-1;AREA "AREA" true true false 8 Double 0 0 ,First,#,E:\JEZORAH\MARCO_2019_ANM\AJUSTE_MGN2018_ANM\RESULTADOS\EJERCICIO_2\MGN2018CNPVANM_2.gdb\MGN_AMN_MPIOS,AREA,-1,-1;LATITUD "LATITUD" true true false 8 Double 0 0 ,First,#,E:\JEZORAH\MARCO_2019_ANM\AJUSTE_MGN2018_ANM\RESULTADOS\EJERCICIO_2\MGN2018CNPVANM_2.gdb\MGN_AMN_MPIOS,LATITUD,-1,-1;LONGITUD "LONGITUD" true true false 8 Double 0 0 ,First,#,E:\JEZORAH\MARCO_2019_ANM\AJUSTE_MGN2018_ANM\RESULTADOS\EJERCICIO_2\MGN2018CNPVANM_2.gdb\MGN_AMN_MPIOS,LONGITUD,-1,-1;STCTNENCUE "STCTNENCUE" true true false 8 Double 0 0 ,First,#,E:\JEZORAH\MARCO_2019_ANM\AJUSTE_MGN2018_ANM\RESULTADOS\EJERCICIO_2\MGN2018CNPVANM_2.gdb\MGN_AMN_MPIOS,STCTNENCUE,-1,-1;STP3_1_SI "STP3_1_SI" true true false 8 Double 0 0 ,First,#,E:\JEZORAH\MARCO_2019_ANM\AJUSTE_MGN2018_ANM\RESULTADOS\EJERCICIO_2\MGN2018CNPVANM_2.gdb\MGN_AMN_MPIOS,STP3_1_SI,-1,-1;STP3_2_NO "STP3_2_NO" true true false 8 Double 0 0 ,First,#,E:\JEZORAH\MARCO_2019_ANM\AJUSTE_MGN2018_ANM\RESULTADOS\EJERCICIO_2\MGN2018CNPVANM_2.gdb\MGN_AMN_MPIOS,STP3_2_NO,-1,-1;STP3A_RI "STP3A_RI" true true false 8 Double 0 0 ,First,#,E:\JEZORAH\MARCO_2019_ANM\AJUSTE_MGN2018_ANM\RESULTADOS\EJERCICIO_2\MGN2018CNPVANM_2.gdb\MGN_AMN_MPIOS,STP3A_RI,-1,-1;STP3B_TCN "STP3B_TCN" true true false 8 Double 0 0 ,First,#,E:\JEZORAH\MARCO_2019_ANM\AJUSTE_MGN2018_ANM\RESULTADOS\EJERCICIO_2\MGN2018CNPVANM_2.gdb\MGN_AMN_MPIOS,STP3B_TCN,-1,-1;STP4_1_SI "STP4_1_SI" true true false 8 Double 0 0 ,First,#,E:\JEZORAH\MARCO_2019_ANM\AJUSTE_MGN2018_ANM\RESULTADOS\EJERCICIO_2\MGN2018CNPVANM_2.gdb\MGN_AMN_MPIOS,STP4_1_SI,-1,-1;STP4_2_NO "STP4_2_NO" true true false 8 Double 0 0 ,First,#,E:\JEZORAH\MARCO_2019_ANM\AJUSTE_MGN2018_ANM\RESULTADOS\EJERCICIO_2\MGN2018CNPVANM_2.gdb\MGN_AMN_MPIOS,STP4_2_NO,-1,-1;STP9_1_USO "STP9_1_USO" true true false 8 Double 0 0 ,First,#,E:\JEZORAH\MARCO_2019_ANM\AJUSTE_MGN2018_ANM\RESULTADOS\EJERCICIO_2\MGN2018CNPVANM_2.gdb\MGN_AMN_MPIOS,STP9_1_USO,-1,-1;STP9_2_USO "STP9_2_USO" true true false 8 Double 0 0 ,First,#,E:\JEZORAH\MARCO_2019_ANM\AJUSTE_MGN2018_ANM\RESULTADOS\EJERCICIO_2\MGN2018CNPVANM_2.gdb\MGN_AMN_MPIOS,STP9_2_USO,-1,-1;STP9_3_USO "STP9_3_USO" true true false 8 Double 0 0 ,First,#,E:\JEZORAH\MARCO_2019_ANM\AJUSTE_MGN2018_ANM\RESULTADOS\EJERCICIO_2\MGN2018CNPVANM_2.gdb\MGN_AMN_MPIOS,STP9_3_USO,-1,-1;STP9_4_USO "STP9_4_USO" true true false 8 Double 0 0 ,First,#,E:\JEZORAH\MARCO_2019_ANM\AJUSTE_MGN2018_ANM\RESULTADOS\EJERCICIO_2\MGN2018CNPVANM_2.gdb\MGN_AMN_MPIOS,STP9_4_USO,-1,-1;STP9_2_1_M "STP9_2_1_M" true true false 8 Double 0 0 ,First,#,E:\JEZORAH\MARCO_2019_ANM\AJUSTE_MGN2018_ANM\RESULTADOS\EJERCICIO_2\MGN2018CNPVANM_2.gdb\MGN_AMN_MPIOS,STP9_2_1_M,-1,-1;STP9_2_2_M "STP9_2_2_M" true true false 8 Double 0 0 ,First,#,E:\JEZORAH\MARCO_2019_ANM\AJUSTE_MGN2018_ANM\RESULTADOS\EJERCICIO_2\MGN2018CNPVANM_2.gdb\MGN_AMN_MPIOS,STP9_2_2_M,-1,-1;STP9_2_3_M "STP9_2_3_M" true true false 8 Double 0 0 ,First,#,E:\JEZORAH\MARCO_2019_ANM\AJUSTE_MGN2018_ANM\RESULTADOS\EJERCICIO_2\MGN2018CNPVANM_2.gdb\MGN_AMN_MPIOS,STP9_2_3_M,-1,-1;STP9_2_4_M "STP9_2_4_M" true true false 8 Double 0 0 ,First,#,E:\JEZORAH\MARCO_2019_ANM\AJUSTE_MGN2018_ANM\RESULTADOS\EJERCICIO_2\MGN2018CNPVANM_2.gdb\MGN_AMN_MPIOS,STP9_2_4_M,-1,-1;STP9_2_9_M "STP9_2_9_M" true true false 8 Double 0 0 ,First,#,E:\JEZORAH\MARCO_2019_ANM\AJUSTE_MGN2018_ANM\RESULTADOS\EJERCICIO_2\MGN2018CNPVANM_2.gdb\MGN_AMN_MPIOS,STP9_2_9_M,-1,-1;STP9_3_1_N "STP9_3_1_N" true true false 8 Double 0 0 ,First,#,E:\JEZORAH\MARCO_2019_ANM\AJUSTE_MGN2018_ANM\RESULTADOS\EJERCICIO_2\MGN2018CNPVANM_2.gdb\MGN_AMN_MPIOS,STP9_3_1_N,-1,-1;STP9_3_2_N "STP9_3_2_N" true true false 8 Double 0 0 ,First,#,E:\JEZORAH\MARCO_2019_ANM\AJUSTE_MGN2018_ANM\RESULTADOS\EJERCICIO_2\MGN2018CNPVANM_2.gdb\MGN_AMN_MPIOS,STP9_3_2_N,-1,-1;STP9_3_3_N "STP9_3_3_N" true true false 8 Double 0 0 ,First,#,E:\JEZORAH\MARCO_2019_ANM\AJUSTE_MGN2018_ANM\RESULTADOS\EJERCICIO_2\MGN2018CNPVANM_2.gdb\MGN_AMN_MPIOS,STP9_3_3_N,-1,-1;STP9_3_4_N "STP9_3_4_N" true true false 8 Double 0 0 ,First,#,E:\JEZORAH\MARCO_2019_ANM\AJUSTE_MGN2018_ANM\RESULTADOS\EJERCICIO_2\MGN2018CNPVANM_2.gdb\MGN_AMN_MPIOS,STP9_3_4_N,-1,-1;STP9_3_5_N "STP9_3_5_N" true true false 8 Double 0 0 ,First,#,E:\JEZORAH\MARCO_2019_ANM\AJUSTE_MGN2018_ANM\RESULTADOS\EJERCICIO_2\MGN2018CNPVANM_2.gdb\MGN_AMN_MPIOS,STP9_3_5_N,-1,-1;STP9_3_6_N "STP9_3_6_N" true true false 8 Double 0 0 ,First,#,E:\JEZORAH\MARCO_2019_ANM\AJUSTE_MGN2018_ANM\RESULTADOS\EJERCICIO_2\MGN2018CNPVANM_2.gdb\MGN_AMN_MPIOS,STP9_3_6_N,-1,-1;STP9_3_7_N "STP9_3_7_N" true true false 8 Double 0 0 ,First,#,E:\JEZORAH\MARCO_2019_ANM\AJUSTE_MGN2018_ANM\RESULTADOS\EJERCICIO_2\MGN2018CNPVANM_2.gdb\MGN_AMN_MPIOS,STP9_3_7_N,-1,-1;STP9_3_8_N "STP9_3_8_N" true true false 8 Double 0 0 ,First,#,E:\JEZORAH\MARCO_2019_ANM\AJUSTE_MGN2018_ANM\RESULTADOS\EJERCICIO_2\MGN2018CNPVANM_2.gdb\MGN_AMN_MPIOS,STP9_3_8_N,-1,-1;STP9_3_9_N "STP9_3_9_N" true true false 8 Double 0 0 ,First,#,E:\JEZORAH\MARCO_2019_ANM\AJUSTE_MGN2018_ANM\RESULTADOS\EJERCICIO_2\MGN2018CNPVANM_2.gdb\MGN_AMN_MPIOS,STP9_3_9_N,-1,-1;STP9_3_10_ "STP9_3_10_" true true false 8 Double 0 0 ,First,#,E:\JEZORAH\MARCO_2019_ANM\AJUSTE_MGN2018_ANM\RESULTADOS\EJERCICIO_2\MGN2018CNPVANM_2.gdb\MGN_AMN_MPIOS,STP9_3_10_N,-1,-1;STP9_3_99_ "STP9_3_99_" true true false 8 Double 0 0 ,First,#,E:\JEZORAH\MARCO_2019_ANM\AJUSTE_MGN2018_ANM\RESULTADOS\EJERCICIO_2\MGN2018CNPVANM_2.gdb\MGN_AMN_MPIOS,STP9_3_99_N,-1,-1;STVIVIENDA "STVIVIENDA" true true false 8 Double 0 0 ,First,#,E:\JEZORAH\MARCO_2019_ANM\AJUSTE_MGN2018_ANM\RESULTADOS\EJERCICIO_2\MGN2018CNPVANM_2.gdb\MGN_AMN_MPIOS,STVIVIENDA,-1,-1;STP14_1_TI "STP14_1_TI" true true false 8 Double 0 0 ,First,#,E:\JEZORAH\MARCO_2019_ANM\AJUSTE_MGN2018_ANM\RESULTADOS\EJERCICIO_2\MGN2018CNPVANM_2.gdb\MGN_AMN_MPIOS,STP14_1_TI,-1,-1;STP14_2_TI "STP14_2_TI" true true false 8 Double 0 0 ,First,#,E:\JEZORAH\MARCO_2019_ANM\AJUSTE_MGN2018_ANM\RESULTADOS\EJERCICIO_2\MGN2018CNPVANM_2.gdb\MGN_AMN_MPIOS,STP14_2_TI,-1,-1;STP14_3_TI "STP14_3_TI" true true false 8 Double 0 0 ,First,#,E:\JEZORAH\MARCO_2019_ANM\AJUSTE_MGN2018_ANM\RESULTADOS\EJERCICIO_2\MGN2018CNPVANM_2.gdb\MGN_AMN_MPIOS,STP14_3_TI,-1,-1;STP14_4_TI "STP14_4_TI" true true false 8 Double 0 0 ,First,#,E:\JEZORAH\MARCO_2019_ANM\AJUSTE_MGN2018_ANM\RESULTADOS\EJERCICIO_2\MGN2018CNPVANM_2.gdb\MGN_AMN_MPIOS,STP14_4_TI,-1,-1;STP14_5_TI "STP14_5_TI" true true false 8 Double 0 0 ,First,#,E:\JEZORAH\MARCO_2019_ANM\AJUSTE_MGN2018_ANM\RESULTADOS\EJERCICIO_2\MGN2018CNPVANM_2.gdb\MGN_AMN_MPIOS,STP14_5_TI,-1,-1;STP14_6_TI "STP14_6_TI" true true false 8 Double 0 0 ,First,#,E:\JEZORAH\MARCO_2019_ANM\AJUSTE_MGN2018_ANM\RESULTADOS\EJERCICIO_2\MGN2018CNPVANM_2.gdb\MGN_AMN_MPIOS,STP14_6_TI,-1,-1;STP15_1_OC "STP15_1_OC" true true false 8 Double 0 0 ,First,#,E:\JEZORAH\MARCO_2019_ANM\AJUSTE_MGN2018_ANM\RESULTADOS\EJERCICIO_2\MGN2018CNPVANM_2.gdb\MGN_AMN_MPIOS,STP15_1_OC,-1,-1;STP15_2_OC "STP15_2_OC" true true false 8 Double 0 0 ,First,#,E:\JEZORAH\MARCO_2019_ANM\AJUSTE_MGN2018_ANM\RESULTADOS\EJERCICIO_2\MGN2018CNPVANM_2.gdb\MGN_AMN_MPIOS,STP15_2_OC,-1,-1;STP15_3_OC "STP15_3_OC" true true false 8 Double 0 0 ,First,#,E:\JEZORAH\MARCO_2019_ANM\AJUSTE_MGN2018_ANM\RESULTADOS\EJERCICIO_2\MGN2018CNPVANM_2.gdb\MGN_AMN_MPIOS,STP15_3_OC,-1,-1;STP15_4_OC "STP15_4_OC" true true false 8 Double 0 0 ,First,#,E:\JEZORAH\MARCO_2019_ANM\AJUSTE_MGN2018_ANM\RESULTADOS\EJERCICIO_2\MGN2018CNPVANM_2.gdb\MGN_AMN_MPIOS,STP15_4_OC,-1,-1;TSP16_HOG "TSP16_HOG" true true false 8 Double 0 0 ,First,#,E:\JEZORAH\MARCO_2019_ANM\AJUSTE_MGN2018_ANM\RESULTADOS\EJERCICIO_2\MGN2018CNPVANM_2.gdb\MGN_AMN_MPIOS,TSP16_HOG,-1,-1;STP19_EE_1 "STP19_EE_1" true true false 8 Double 0 0 ,First,#,E:\JEZORAH\MARCO_2019_ANM\AJUSTE_MGN2018_ANM\RESULTADOS\EJERCICIO_2\MGN2018CNPVANM_2.gdb\MGN_AMN_MPIOS,STP19_EE_1,-1,-1;STP19_EE_2 "STP19_EE_2" true true false 8 Double 0 0 ,First,#,E:\JEZORAH\MARCO_2019_ANM\AJUSTE_MGN2018_ANM\RESULTADOS\EJERCICIO_2\MGN2018CNPVANM_2.gdb\MGN_AMN_MPIOS,STP19_EE_2,-1,-1;STP19_EE_E "STP19_EE_E" true true false 8 Double 0 0 ,First,#,E:\JEZORAH\MARCO_2019_ANM\AJUSTE_MGN2018_ANM\RESULTADOS\EJERCICIO_2\MGN2018CNPVANM_2.gdb\MGN_AMN_MPIOS,STP19_EE_E1,-1,-1;STP19_EE_3 "STP19_EE_3" true true false 8 Double 0 0 ,First,#,E:\JEZORAH\MARCO_2019_ANM\AJUSTE_MGN2018_ANM\RESULTADOS\EJERCICIO_2\MGN2018CNPVANM_2.gdb\MGN_AMN_MPIOS,STP19_EE_E2,-1,-1;STP19_EE_4 "STP19_EE_4" true true false 8 Double 0 0 ,First,#,E:\JEZORAH\MARCO_2019_ANM\AJUSTE_MGN2018_ANM\RESULTADOS\EJERCICIO_2\MGN2018CNPVANM_2.gdb\MGN_AMN_MPIOS,STP19_EE_E3,-1,-1;STP19_EE_5 "STP19_EE_5" true true false 8 Double 0 0 ,First,#,E:\JEZORAH\MARCO_2019_ANM\AJUSTE_MGN2018_ANM\RESULTADOS\EJERCICIO_2\MGN2018CNPVANM_2.gdb\MGN_AMN_MPIOS,STP19_EE_E4,-1,-1;STP19_EE_6 "STP19_EE_6" true true false 8 Double 0 0 ,First,#,E:\JEZORAH\MARCO_2019_ANM\AJUSTE_MGN2018_ANM\RESULTADOS\EJERCICIO_2\MGN2018CNPVANM_2.gdb\MGN_AMN_MPIOS,STP19_EE_E5,-1,-1;STP19_EE_7 "STP19_EE_7" true true false 8 Double 0 0 ,First,#,E:\JEZORAH\MARCO_2019_ANM\AJUSTE_MGN2018_ANM\RESULTADOS\EJERCICIO_2\MGN2018CNPVANM_2.gdb\MGN_AMN_MPIOS,STP19_EE_E6,-1,-1;STP19_EE_8 "STP19_EE_8" true true false 8 Double 0 0 ,First,#,E:\JEZORAH\MARCO_2019_ANM\AJUSTE_MGN2018_ANM\RESULTADOS\EJERCICIO_2\MGN2018CNPVANM_2.gdb\MGN_AMN_MPIOS,STP19_EE_E9,-1,-1;STP19_ACU_ "STP19_ACU_" true true false 8 Double 0 0 ,First,#,E:\JEZORAH\MARCO_2019_ANM\AJUSTE_MGN2018_ANM\RESULTADOS\EJERCICIO_2\MGN2018CNPVANM_2.gdb\MGN_AMN_MPIOS,STP19_ACU_1,-1,-1;STP19_ACU1 "STP19_ACU1" true true false 8 Double 0 0 ,First,#,E:\JEZORAH\MARCO_2019_ANM\AJUSTE_MGN2018_ANM\RESULTADOS\EJERCICIO_2\MGN2018CNPVANM_2.gdb\MGN_AMN_MPIOS,STP19_ACU_2,-1,-1;STP19_ALC_ "STP19_ALC_" true true false 8 Double 0 0 ,First,#,E:\JEZORAH\MARCO_2019_ANM\AJUSTE_MGN2018_ANM\RESULTADOS\EJERCICIO_2\MGN2018CNPVANM_2.gdb\MGN_AMN_MPIOS,STP19_ALC_1,-1,-1;STP19_ALC1 "STP19_ALC1" true true false 8 Double 0 0 ,First,#,E:\JEZORAH\MARCO_2019_ANM\AJUSTE_MGN2018_ANM\RESULTADOS\EJERCICIO_2\MGN2018CNPVANM_2.gdb\MGN_AMN_MPIOS,STP19_ALC_2,-1,-1;STP19_GAS_ "STP19_GAS_" true true false 8 Double 0 0 ,First,#,E:\JEZORAH\MARCO_2019_ANM\AJUSTE_MGN2018_ANM\RESULTADOS\EJERCICIO_2\MGN2018CNPVANM_2.gdb\MGN_AMN_MPIOS,STP19_GAS_1,-1,-1;STP19_GAS1 "STP19_GAS1" true true false 8 Double 0 0 ,First,#,E:\JEZORAH\MARCO_2019_ANM\AJUSTE_MGN2018_ANM\RESULTADOS\EJERCICIO_2\MGN2018CNPVANM_2.gdb\MGN_AMN_MPIOS,STP19_GAS_2,-1,-1;STP19_GA_1 "STP19_GA_1" true true false 8 Double 0 0 ,First,#,E:\JEZORAH\MARCO_2019_ANM\AJUSTE_MGN2018_ANM\RESULTADOS\EJERCICIO_2\MGN2018CNPVANM_2.gdb\MGN_AMN_MPIOS,STP19_GAS_9,-1,-1;STP19_RECB "STP19_RECB" true true false 8 Double 0 0 ,First,#,E:\JEZORAH\MARCO_2019_ANM\AJUSTE_MGN2018_ANM\RESULTADOS\EJERCICIO_2\MGN2018CNPVANM_2.gdb\MGN_AMN_MPIOS,STP19_RECB1,-1,-1;STP19_RE_1 "STP19_RE_1" true true false 8 Double 0 0 ,First,#,E:\JEZORAH\MARCO_2019_ANM\AJUSTE_MGN2018_ANM\RESULTADOS\EJERCICIO_2\MGN2018CNPVANM_2.gdb\MGN_AMN_MPIOS,STP19_RECB2,-1,-1;STP19_INTE "STP19_INTE" true true false 8 Double 0 0 ,First,#,E:\JEZORAH\MARCO_2019_ANM\AJUSTE_MGN2018_ANM\RESULTADOS\EJERCICIO_2\MGN2018CNPVANM_2.gdb\MGN_AMN_MPIOS,STP19_INTE1,-1,-1;STP19_IN_1 "STP19_IN_1" true true false 8 Double 0 0 ,First,#,E:\JEZORAH\MARCO_2019_ANM\AJUSTE_MGN2018_ANM\RESULTADOS\EJERCICIO_2\MGN2018CNPVANM_2.gdb\MGN_AMN_MPIOS,STP19_INTE2,-1,-1;STP19_IN_2 "STP19_IN_2" true true false 8 Double 0 0 ,First,#,E:\JEZORAH\MARCO_2019_ANM\AJUSTE_MGN2018_ANM\RESULTADOS\EJERCICIO_2\MGN2018CNPVANM_2.gdb\MGN_AMN_MPIOS,STP19_INTE9,-1,-1;STP27_PERS "STP27_PERS" true true false 8 Double 0 0 ,First,#,E:\JEZORAH\MARCO_2019_ANM\AJUSTE_MGN2018_ANM\RESULTADOS\EJERCICIO_2\MGN2018CNPVANM_2.gdb\MGN_AMN_MPIOS,STP27_PERS,-1,-1;STPERSON_L "STPERSON_L" true true false 8 Double 0 0 ,First,#,E:\JEZORAH\MARCO_2019_ANM\AJUSTE_MGN2018_ANM\RESULTADOS\EJERCICIO_2\MGN2018CNPVANM_2.gdb\MGN_AMN_MPIOS,STPERSON_L,-1,-1;STPERSON_S "STPERSON_S" true true false 8 Double 0 0 ,First,#,E:\JEZORAH\MARCO_2019_ANM\AJUSTE_MGN2018_ANM\RESULTADOS\EJERCICIO_2\MGN2018CNPVANM_2.gdb\MGN_AMN_MPIOS,STPERSON_S,-1,-1;STP32_1_SE "STP32_1_SE" true true false 8 Double 0 0 ,First,#,E:\JEZORAH\MARCO_2019_ANM\AJUSTE_MGN2018_ANM\RESULTADOS\EJERCICIO_2\MGN2018CNPVANM_2.gdb\MGN_AMN_MPIOS,STP32_1_SE,-1,-1;STP32_2_SE "STP32_2_SE" true true false 8 Double 0 0 ,First,#,E:\JEZORAH\MARCO_2019_ANM\AJUSTE_MGN2018_ANM\RESULTADOS\EJERCICIO_2\MGN2018CNPVANM_2.gdb\MGN_AMN_MPIOS,STP32_2_SE,-1,-1;STP34_1_ED "STP34_1_ED" true true false 8 Double 0 0 ,First,#,E:\JEZORAH\MARCO_2019_ANM\AJUSTE_MGN2018_ANM\RESULTADOS\EJERCICIO_2\MGN2018CNPVANM_2.gdb\MGN_AMN_MPIOS,STP34_1_ED,-1,-1;STP34_2_ED "STP34_2_ED" true true false 8 Double 0 0 ,First,#,E:\JEZORAH\MARCO_2019_ANM\AJUSTE_MGN2018_ANM\RESULTADOS\EJERCICIO_2\MGN2018CNPVANM_2.gdb\MGN_AMN_MPIOS,STP34_2_ED,-1,-1;STP34_3_ED "STP34_3_ED" true true false 8 Double 0 0 ,First,#,E:\JEZORAH\MARCO_2019_ANM\AJUSTE_MGN2018_ANM\RESULTADOS\EJERCICIO_2\MGN2018CNPVANM_2.gdb\MGN_AMN_MPIOS,STP34_3_ED,-1,-1;STP34_4_ED "STP34_4_ED" true true false 8 Double 0 0 ,First,#,E:\JEZORAH\MARCO_2019_ANM\AJUSTE_MGN2018_ANM\RESULTADOS\EJERCICIO_2\MGN2018CNPVANM_2.gdb\MGN_AMN_MPIOS,STP34_4_ED,-1,-1;STP34_5_ED "STP34_5_ED" true true false 8 Double 0 0 ,First,#,E:\JEZORAH\MARCO_2019_ANM\AJUSTE_MGN2018_ANM\RESULTADOS\EJERCICIO_2\MGN2018CNPVANM_2.gdb\MGN_AMN_MPIOS,STP34_5_ED,-1,-1;STP34_6_ED "STP34_6_ED" true true false 8 Double 0 0 ,First,#,E:\JEZORAH\MARCO_2019_ANM\AJUSTE_MGN2018_ANM\RESULTADOS\EJERCICIO_2\MGN2018CNPVANM_2.gdb\MGN_AMN_MPIOS,STP34_6_ED,-1,-1;STP34_7_ED "STP34_7_ED" true true false 8 Double 0 0 ,First,#,E:\JEZORAH\MARCO_2019_ANM\AJUSTE_MGN2018_ANM\RESULTADOS\EJERCICIO_2\MGN2018CNPVANM_2.gdb\MGN_AMN_MPIOS,STP34_7_ED,-1,-1;STP34_8_ED "STP34_8_ED" true true false 8 Double 0 0 ,First,#,E:\JEZORAH\MARCO_2019_ANM\AJUSTE_MGN2018_ANM\RESULTADOS\EJERCICIO_2\MGN2018CNPVANM_2.gdb\MGN_AMN_MPIOS,STP34_8_ED,-1,-1;STP34_9_ED "STP34_9_ED" true true false 8 Double 0 0 ,First,#,E:\JEZORAH\MARCO_2019_ANM\AJUSTE_MGN2018_ANM\RESULTADOS\EJERCICIO_2\MGN2018CNPVANM_2.gdb\MGN_AMN_MPIOS,STP34_9_ED,-1,-1;STP51_PRIM "STP51_PRIM" true true false 8 Double 0 0 ,First,#,E:\JEZORAH\MARCO_2019_ANM\AJUSTE_MGN2018_ANM\RESULTADOS\EJERCICIO_2\MGN2018CNPVANM_2.gdb\MGN_AMN_MPIOS,STP51_PRIM,-1,-1;STP51_SECU "STP51_SECU" true true false 8 Double 0 0 ,First,#,E:\JEZORAH\MARCO_2019_ANM\AJUSTE_MGN2018_ANM\RESULTADOS\EJERCICIO_2\MGN2018CNPVANM_2.gdb\MGN_AMN_MPIOS,STP51_SECU,-1,-1;STP51_SUPE "STP51_SUPE" true true false 8 Double 0 0 ,First,#,E:\JEZORAH\MARCO_2019_ANM\AJUSTE_MGN2018_ANM\RESULTADOS\EJERCICIO_2\MGN2018CNPVANM_2.gdb\MGN_AMN_MPIOS,STP51_SUPE,-1,-1;STP51_POST "STP51_POST" true true false 8 Double 0 0 ,First,#,E:\JEZORAH\MARCO_2019_ANM\AJUSTE_MGN2018_ANM\RESULTADOS\EJERCICIO_2\MGN2018CNPVANM_2.gdb\MGN_AMN_MPIOS,STP51_POST,-1,-1;STP51_13_E "STP51_13_E" true true false 8 Double 0 0 ,First,#,E:\JEZORAH\MARCO_2019_ANM\AJUSTE_MGN2018_ANM\RESULTADOS\EJERCICIO_2\MGN2018CNPVANM_2.gdb\MGN_AMN_MPIOS,STP51_13_E,-1,-1;STP51_99_E "STP51_99_E" true true false 8 Double 0 0 ,First,#,E:\JEZORAH\MARCO_2019_ANM\AJUSTE_MGN2018_ANM\RESULTADOS\EJERCICIO_2\MGN2018CNPVANM_2.gdb\MGN_AMN_MPIOS,STP51_99_E,-1,-1;Shape_Leng "Shape_Leng" false true true 8 Double 0 0 ,First,#,E:\JEZORAH\MARCO_2019_ANM\AJUSTE_MGN2018_ANM\RESULTADOS\EJERCICIO_2\MGN2018CNPVANM_2.gdb\MGN_AMN_MPIOS,Shape_Length,-1,-1;Shape_Area "Shape_Area" false true true 8 Double 0 0 ,First,#,E:\JEZORAH\MARCO_2019_ANM\AJUSTE_MGN2018_ANM\RESULTADOS\EJERCICIO_2\MGN2018CNPVANM_2.gdb\MGN_AMN_MPIOS,Shape_Area,-1,-1" #</Process><Process ToolSource="c:\program files (x86)\arcgis\desktop10.5\ArcToolbox\Toolboxes\Data Management Tools.tbx\CalculateField" Date="20200928" Time="192912">CalculateField MGN_AMN_MPIOS VERSION 2018 VB #</Process><Process ToolSource="c:\program files (x86)\arcgis\desktop10.5\ArcToolbox\Toolboxes\Data Management Tools.tbx\CalculateField" Date="20211104" Time="163732">CalculateField MGN_ANM_MPIOS STP51_PRIM 0 VB #</Process><Process ToolSource="c:\program files (x86)\arcgis\desktop10.5\ArcToolbox\Toolboxes\Data Management Tools.tbx\CalculateField" Date="20211104" Time="163736">CalculateField MGN_ANM_MPIOS STP51_SECU 0 VB #</Process><Process ToolSource="c:\program files (x86)\arcgis\desktop10.5\ArcToolbox\Toolboxes\Data Management Tools.tbx\CalculateField" Date="20211104" Time="163741">CalculateField MGN_ANM_MPIOS STP51_SUPE 0 VB #</Process><Process ToolSource="c:\program files (x86)\arcgis\desktop10.5\ArcToolbox\Toolboxes\Data Management Tools.tbx\CalculateField" Date="20211104" Time="163745">CalculateField MGN_ANM_MPIOS STP51_POST 0 VB #</Process><Process ToolSource="c:\program files (x86)\arcgis\desktop10.5\ArcToolbox\Toolboxes\Data Management Tools.tbx\CalculateField" Date="20211104" Time="163749">CalculateField MGN_ANM_MPIOS STP51_13_E 0 VB #</Process><Process ToolSource="c:\program files (x86)\arcgis\desktop10.5\ArcToolbox\Toolboxes\Data Management Tools.tbx\CalculateField" Date="20211104" Time="163753">CalculateField MGN_ANM_MPIOS STP51_99_E 0 VB #</Process></lineage></DataProperties><SyncDate>20200928</SyncDate><SyncTime>08465100</SyncTime><ModDate>20200928</ModDate><ModTime>08465100</ModTime></Esri><dataIdInfo><envirDesc Sync="TRUE">Microsoft Windows 7 Version 6.1 (Build 7601) Service Pack 1; Esri ArcGIS 10.5.1.7333</envirDesc><dataLang><languageCode value="spa" Sync="TRUE"></languageCode><countryCode value="COL" Sync="TRUE"></countryCode></dataLang><idCitation><resTitle Sync="TRUE">MGN_AMN_MPIOS</resTitle><presForm><PresFormCd value="005" Sync="TRUE"></PresFormCd></presForm></idCitation><spatRpType><SpatRepTypCd value="001" Sync="TRUE"></SpatRepTypCd></spatRpType></dataIdInfo><mdLang><languageCode value="spa" Sync="TRUE"></languageCode><countryCode value="COL" Sync="TRUE"></countryCode></mdLang><mdChar><CharSetCd value="004" Sync="TRUE"></CharSetCd></mdChar><distInfo><distFormat><formatName Sync="TRUE">Shapefile</formatName></distFormat><distTranOps><transSize Sync="TRUE">0.000</transSize></distTranOps></distInfo><mdHrLv><ScopeCd value="005" Sync="TRUE"></ScopeCd></mdHrLv><mdHrLvName Sync="TRUE">dataset</mdHrLvName><refSysInfo><RefSystem><refSysID><identCode code="4686" Sync="TRUE"></identCode><idCodeSpace Sync="TRUE">EPSG</idCodeSpace><idVersion Sync="TRUE">7.6.4(9.2.0)</idVersion></refSysID></RefSystem></refSysInfo><spatRepInfo><VectSpatRep><geometObjs Name="MGN_AMN_MPIOS"><geoObjTyp><GeoObjTypCd value="002" Sync="TRUE"></GeoObjTypCd></geoObjTyp><geoObjCnt Sync="TRUE">0</geoObjCnt></geometObjs><topLvl><TopoLevCd value="001" Sync="TRUE"></TopoLevCd></topLvl></VectSpatRep></spatRepInfo><spdoinfo><ptvctinf><esriterm Name="MGN_AMN_MPIOS"><efeatyp Sync="TRUE">Simple</efeatyp><efeageom code="4" Sync="TRUE"></efeageom><esritopo Sync="TRUE">FALSE</esritopo><efeacnt Sync="TRUE">0</efeacnt><spindex Sync="TRUE">FALSE</spindex><linrefer Sync="TRUE">FALSE</linrefer></esriterm></ptvctinf></spdoinfo><eainfo><detailed Name="MGN_AMN_MPIOS"><enttyp><enttypl Sync="TRUE">MGN_AMN_MPIOS</enttypl><enttypt Sync="TRUE">Feature Class</enttypt><enttypc Sync="TRUE">0</enttypc></enttyp><attr><attrlabl Sync="TRUE">FID</attrlabl><attalias Sync="TRUE">FID</attalias><attrtype Sync="TRUE">OID</attrtype><attwidth Sync="TRUE">4</attwidth><atprecis Sync="TRUE">0</atprecis><attscale Sync="TRUE">0</attscale><attrdef Sync="TRUE">Internal feature number.</attrdef><attrdefs Sync="TRUE">Esri</attrdefs><attrdomv><udom Sync="TRUE">Sequential unique whole numbers that are automatically generated.</udom></attrdomv></attr><attr><attrlabl Sync="TRUE">Shape</attrlabl><attalias Sync="TRUE">Shape</attalias><attrtype Sync="TRUE">Geometry</attrtype><attwidth Sync="TRUE">0</attwidth><atprecis Sync="TRUE">0</atprecis><attscale Sync="TRUE">0</attscale><attrdef Sync="TRUE">Feature geometry.</attrdef><attrdefs Sync="TRUE">Esri</attrdefs><attrdomv><udom Sync="TRUE">Coordinates defining the features.</udom></attrdomv></attr><attr><attrlabl Sync="TRUE">DPTO_CCDGO</attrlabl><attalias Sync="TRUE">DPTO_CCDGO</attalias><attrtype Sync="TRUE">String</attrtype><attwidth Sync="TRUE">2</attwidth><atprecis Sync="TRUE">0</atprecis><attscale Sync="TRUE">0</attscale></attr><attr><attrlabl Sync="TRUE">MPIO_CCDGO</attrlabl><attalias Sync="TRUE">MPIO_CCDGO</attalias><attrtype Sync="TRUE">String</attrtype><attwidth Sync="TRUE">3</attwidth><atprecis Sync="TRUE">0</atprecis><attscale Sync="TRUE">0</attscale></attr><attr><attrlabl Sync="TRUE">MPIO_CNMBR</attrlabl><attalias Sync="TRUE">MPIO_CNMBR</attalias><attrtype Sync="TRUE">String</attrtype><attwidth Sync="TRUE">60</attwidth><atprecis Sync="TRUE">0</atprecis><attscale Sync="TRUE">0</attscale></attr><attr><attrlabl Sync="TRUE">MPIO_CDPMP</attrlabl><attalias Sync="TRUE">MPIO_CDPMP</attalias><attrtype Sync="TRUE">String</attrtype><attwidth Sync="TRUE">5</attwidth><atprecis Sync="TRUE">0</atprecis><attscale Sync="TRUE">0</attscale></attr><attr><attrlabl Sync="TRUE">VERSION</attrlabl><attalias Sync="TRUE">VERSION</attalias><attrtype Sync="TRUE">Integer</attrtype><attwidth Sync="TRUE">5</attwidth><atprecis Sync="TRUE">5</atprecis><attscale Sync="TRUE">0</attscale></attr><attr><attrlabl Sync="TRUE">AREA</attrlabl><attalias Sync="TRUE">AREA</attalias><attrtype Sync="TRUE">Double</attrtype><attwidth Sync="TRUE">19</attwidth><atprecis Sync="TRUE">0</atprecis><attscale Sync="TRUE">0</attscale></attr><attr><attrlabl Sync="TRUE">LATITUD</attrlabl><attalias Sync="TRUE">LATITUD</attalias><attrtype Sync="TRUE">Double</attrtype><attwidth Sync="TRUE">19</attwidth><atprecis Sync="TRUE">0</atprecis><attscale Sync="TRUE">0</attscale></attr><attr><attrlabl Sync="TRUE">LONGITUD</attrlabl><attalias Sync="TRUE">LONGITUD</attalias><attrtype Sync="TRUE">Double</attrtype><attwidth Sync="TRUE">19</attwidth><atprecis Sync="TRUE">0</atprecis><attscale Sync="TRUE">0</attscale></attr><attr><attrlabl Sync="TRUE">STCTNENCUE</attrlabl><attalias Sync="TRUE">STCTNENCUE</attalias><attrtype Sync="TRUE">Double</attrtype><attwidth Sync="TRUE">19</attwidth><atprecis Sync="TRUE">0</atprecis><attscale Sync="TRUE">0</attscale></attr><attr><attrlabl Sync="TRUE">STP3_1_SI</attrlabl><attalias Sync="TRUE">STP3_1_SI</attalias><attrtype Sync="TRUE">Double</attrtype><attwidth Sync="TRUE">19</attwidth><atprecis Sync="TRUE">0</atprecis><attscale Sync="TRUE">0</attscale></attr><attr><attrlabl Sync="TRUE">STP3_2_NO</attrlabl><attalias Sync="TRUE">STP3_2_NO</attalias><attrtype Sync="TRUE">Double</attrtype><attwidth Sync="TRUE">19</attwidth><atprecis Sync="TRUE">0</atprecis><attscale Sync="TRUE">0</attscale></attr><attr><attrlabl Sync="TRUE">STP3A_RI</attrlabl><attalias Sync="TRUE">STP3A_RI</attalias><attrtype Sync="TRUE">Double</attrtype><attwidth Sync="TRUE">19</attwidth><atprecis Sync="TRUE">0</atprecis><attscale Sync="TRUE">0</attscale></attr><attr><attrlabl Sync="TRUE">STP3B_TCN</attrlabl><attalias Sync="TRUE">STP3B_TCN</attalias><attrtype Sync="TRUE">Double</attrtype><attwidth Sync="TRUE">19</attwidth><atprecis Sync="TRUE">0</atprecis><attscale Sync="TRUE">0</attscale></attr><attr><attrlabl Sync="TRUE">STP4_1_SI</attrlabl><attalias Sync="TRUE">STP4_1_SI</attalias><attrtype Sync="TRUE">Double</attrtype><attwidth Sync="TRUE">19</attwidth><atprecis Sync="TRUE">0</atprecis><attscale Sync="TRUE">0</attscale></attr><attr><attrlabl Sync="TRUE">STP4_2_NO</attrlabl><attalias Sync="TRUE">STP4_2_NO</attalias><attrtype Sync="TRUE">Double</attrtype><attwidth Sync="TRUE">19</attwidth><atprecis Sync="TRUE">0</atprecis><attscale Sync="TRUE">0</attscale></attr><attr><attrlabl Sync="TRUE">STP9_1_USO</attrlabl><attalias Sync="TRUE">STP9_1_USO</attalias><attrtype Sync="TRUE">Double</attrtype><attwidth Sync="TRUE">19</attwidth><atprecis Sync="TRUE">0</atprecis><attscale Sync="TRUE">0</attscale></attr><attr><attrlabl Sync="TRUE">STP9_2_USO</attrlabl><attalias Sync="TRUE">STP9_2_USO</attalias><attrtype Sync="TRUE">Double</attrtype><attwidth Sync="TRUE">19</attwidth><atprecis Sync="TRUE">0</atprecis><attscale Sync="TRUE">0</attscale></attr><attr><attrlabl Sync="TRUE">STP9_3_USO</attrlabl><attalias Sync="TRUE">STP9_3_USO</attalias><attrtype Sync="TRUE">Double</attrtype><attwidth Sync="TRUE">19</attwidth><atprecis Sync="TRUE">0</atprecis><attscale Sync="TRUE">0</attscale></attr><attr><attrlabl Sync="TRUE">STP9_4_USO</attrlabl><attalias Sync="TRUE">STP9_4_USO</attalias><attrtype Sync="TRUE">Double</attrtype><attwidth Sync="TRUE">19</attwidth><atprecis Sync="TRUE">0</atprecis><attscale Sync="TRUE">0</attscale></attr><attr><attrlabl Sync="TRUE">STP9_2_1_M</attrlabl><attalias Sync="TRUE">STP9_2_1_M</attalias><attrtype Sync="TRUE">Double</attrtype><attwidth Sync="TRUE">19</attwidth><atprecis Sync="TRUE">0</atprecis><attscale Sync="TRUE">0</attscale></attr><attr><attrlabl Sync="TRUE">STP9_2_2_M</attrlabl><attalias Sync="TRUE">STP9_2_2_M</attalias><attrtype Sync="TRUE">Double</attrtype><attwidth Sync="TRUE">19</attwidth><atprecis Sync="TRUE">0</atprecis><attscale Sync="TRUE">0</attscale></attr><attr><attrlabl Sync="TRUE">STP9_2_3_M</attrlabl><attalias Sync="TRUE">STP9_2_3_M</attalias><attrtype Sync="TRUE">Double</attrtype><attwidth Sync="TRUE">19</attwidth><atprecis Sync="TRUE">0</atprecis><attscale Sync="TRUE">0</attscale></attr><attr><attrlabl Sync="TRUE">STP9_2_4_M</attrlabl><attalias Sync="TRUE">STP9_2_4_M</attalias><attrtype Sync="TRUE">Double</attrtype><attwidth Sync="TRUE">19</attwidth><atprecis Sync="TRUE">0</atprecis><attscale Sync="TRUE">0</attscale></attr><attr><attrlabl Sync="TRUE">STP9_2_9_M</attrlabl><attalias Sync="TRUE">STP9_2_9_M</attalias><attrtype Sync="TRUE">Double</attrtype><attwidth Sync="TRUE">19</attwidth><atprecis Sync="TRUE">0</atprecis><attscale Sync="TRUE">0</attscale></attr><attr><attrlabl Sync="TRUE">STP9_3_1_N</attrlabl><attalias Sync="TRUE">STP9_3_1_N</attalias><attrtype Sync="TRUE">Double</attrtype><attwidth Sync="TRUE">19</attwidth><atprecis Sync="TRUE">0</atprecis><attscale Sync="TRUE">0</attscale></attr><attr><attrlabl Sync="TRUE">STP9_3_2_N</attrlabl><attalias Sync="TRUE">STP9_3_2_N</attalias><attrtype Sync="TRUE">Double</attrtype><attwidth Sync="TRUE">19</attwidth><atprecis Sync="TRUE">0</atprecis><attscale Sync="TRUE">0</attscale></attr><attr><attrlabl Sync="TRUE">STP9_3_3_N</attrlabl><attalias Sync="TRUE">STP9_3_3_N</attalias><attrtype Sync="TRUE">Double</attrtype><attwidth Sync="TRUE">19</attwidth><atprecis Sync="TRUE">0</atprecis><attscale Sync="TRUE">0</attscale></attr><attr><attrlabl Sync="TRUE">STP9_3_4_N</attrlabl><attalias Sync="TRUE">STP9_3_4_N</attalias><attrtype Sync="TRUE">Double</attrtype><attwidth Sync="TRUE">19</attwidth><atprecis Sync="TRUE">0</atprecis><attscale Sync="TRUE">0</attscale></attr><attr><attrlabl Sync="TRUE">STP9_3_5_N</attrlabl><attalias Sync="TRUE">STP9_3_5_N</attalias><attrtype Sync="TRUE">Double</attrtype><attwidth Sync="TRUE">19</attwidth><atprecis Sync="TRUE">0</atprecis><attscale Sync="TRUE">0</attscale></attr><attr><attrlabl Sync="TRUE">STP9_3_6_N</attrlabl><attalias Sync="TRUE">STP9_3_6_N</attalias><attrtype Sync="TRUE">Double</attrtype><attwidth Sync="TRUE">19</attwidth><atprecis Sync="TRUE">0</atprecis><attscale Sync="TRUE">0</attscale></attr><attr><attrlabl Sync="TRUE">STP9_3_7_N</attrlabl><attalias Sync="TRUE">STP9_3_7_N</attalias><attrtype Sync="TRUE">Double</attrtype><attwidth Sync="TRUE">19</attwidth><atprecis Sync="TRUE">0</atprecis><attscale Sync="TRUE">0</attscale></attr><attr><attrlabl Sync="TRUE">STP9_3_8_N</attrlabl><attalias Sync="TRUE">STP9_3_8_N</attalias><attrtype Sync="TRUE">Double</attrtype><attwidth Sync="TRUE">19</attwidth><atprecis Sync="TRUE">0</atprecis><attscale Sync="TRUE">0</attscale></attr><attr><attrlabl Sync="TRUE">STP9_3_9_N</attrlabl><attalias Sync="TRUE">STP9_3_9_N</attalias><attrtype Sync="TRUE">Double</attrtype><attwidth Sync="TRUE">19</attwidth><atprecis Sync="TRUE">0</atprecis><attscale Sync="TRUE">0</attscale></attr><attr><attrlabl Sync="TRUE">STP9_3_10_</attrlabl><attalias Sync="TRUE">STP9_3_10_</attalias><attrtype Sync="TRUE">Double</attrtype><attwidth Sync="TRUE">19</attwidth><atprecis Sync="TRUE">0</atprecis><attscale Sync="TRUE">0</attscale></attr><attr><attrlabl Sync="TRUE">STP9_3_99_</attrlabl><attalias Sync="TRUE">STP9_3_99_</attalias><attrtype Sync="TRUE">Double</attrtype><attwidth Sync="TRUE">19</attwidth><atprecis Sync="TRUE">0</atprecis><attscale Sync="TRUE">0</attscale></attr><attr><attrlabl Sync="TRUE">STVIVIENDA</attrlabl><attalias Sync="TRUE">STVIVIENDA</attalias><attrtype Sync="TRUE">Double</attrtype><attwidth Sync="TRUE">19</attwidth><atprecis Sync="TRUE">0</atprecis><attscale Sync="TRUE">0</attscale></attr><attr><attrlabl Sync="TRUE">STP14_1_TI</attrlabl><attalias Sync="TRUE">STP14_1_TI</attalias><attrtype Sync="TRUE">Double</attrtype><attwidth Sync="TRUE">19</attwidth><atprecis Sync="TRUE">0</atprecis><attscale Sync="TRUE">0</attscale></attr><attr><attrlabl Sync="TRUE">STP14_2_TI</attrlabl><attalias Sync="TRUE">STP14_2_TI</attalias><attrtype Sync="TRUE">Double</attrtype><attwidth Sync="TRUE">19</attwidth><atprecis Sync="TRUE">0</atprecis><attscale Sync="TRUE">0</attscale></attr><attr><attrlabl Sync="TRUE">STP14_3_TI</attrlabl><attalias Sync="TRUE">STP14_3_TI</attalias><attrtype Sync="TRUE">Double</attrtype><attwidth Sync="TRUE">19</attwidth><atprecis Sync="TRUE">0</atprecis><attscale Sync="TRUE">0</attscale></attr><attr><attrlabl Sync="TRUE">STP14_4_TI</attrlabl><attalias Sync="TRUE">STP14_4_TI</attalias><attrtype Sync="TRUE">Double</attrtype><attwidth Sync="TRUE">19</attwidth><atprecis Sync="TRUE">0</atprecis><attscale Sync="TRUE">0</attscale></attr><attr><attrlabl Sync="TRUE">STP14_5_TI</attrlabl><attalias Sync="TRUE">STP14_5_TI</attalias><attrtype Sync="TRUE">Double</attrtype><attwidth Sync="TRUE">19</attwidth><atprecis Sync="TRUE">0</atprecis><attscale Sync="TRUE">0</attscale></attr><attr><attrlabl Sync="TRUE">STP14_6_TI</attrlabl><attalias Sync="TRUE">STP14_6_TI</attalias><attrtype Sync="TRUE">Double</attrtype><attwidth Sync="TRUE">19</attwidth><atprecis Sync="TRUE">0</atprecis><attscale Sync="TRUE">0</attscale></attr><attr><attrlabl Sync="TRUE">STP15_1_OC</attrlabl><attalias Sync="TRUE">STP15_1_OC</attalias><attrtype Sync="TRUE">Double</attrtype><attwidth Sync="TRUE">19</attwidth><atprecis Sync="TRUE">0</atprecis><attscale Sync="TRUE">0</attscale></attr><attr><attrlabl Sync="TRUE">STP15_2_OC</attrlabl><attalias Sync="TRUE">STP15_2_OC</attalias><attrtype Sync="TRUE">Double</attrtype><attwidth Sync="TRUE">19</attwidth><atprecis Sync="TRUE">0</atprecis><attscale Sync="TRUE">0</attscale></attr><attr><attrlabl Sync="TRUE">STP15_3_OC</attrlabl><attalias Sync="TRUE">STP15_3_OC</attalias><attrtype Sync="TRUE">Double</attrtype><attwidth Sync="TRUE">19</attwidth><atprecis Sync="TRUE">0</atprecis><attscale Sync="TRUE">0</attscale></attr><attr><attrlabl Sync="TRUE">STP15_4_OC</attrlabl><attalias Sync="TRUE">STP15_4_OC</attalias><attrtype Sync="TRUE">Double</attrtype><attwidth Sync="TRUE">19</attwidth><atprecis Sync="TRUE">0</atprecis><attscale Sync="TRUE">0</attscale></attr><attr><attrlabl Sync="TRUE">TSP16_HOG</attrlabl><attalias Sync="TRUE">TSP16_HOG</attalias><attrtype Sync="TRUE">Double</attrtype><attwidth Sync="TRUE">19</attwidth><atprecis Sync="TRUE">0</atprecis><attscale Sync="TRUE">0</attscale></attr><attr><attrlabl Sync="TRUE">STP19_EE_1</attrlabl><attalias Sync="TRUE">STP19_EE_1</attalias><attrtype Sync="TRUE">Double</attrtype><attwidth Sync="TRUE">19</attwidth><atprecis Sync="TRUE">0</atprecis><attscale Sync="TRUE">0</attscale></attr><attr><attrlabl Sync="TRUE">STP19_EE_2</attrlabl><attalias Sync="TRUE">STP19_EE_2</attalias><attrtype Sync="TRUE">Double</attrtype><attwidth Sync="TRUE">19</attwidth><atprecis Sync="TRUE">0</atprecis><attscale Sync="TRUE">0</attscale></attr><attr><attrlabl Sync="TRUE">STP19_EE_E</attrlabl><attalias Sync="TRUE">STP19_EE_E</attalias><attrtype Sync="TRUE">Double</attrtype><attwidth Sync="TRUE">19</attwidth><atprecis Sync="TRUE">0</atprecis><attscale Sync="TRUE">0</attscale></attr><attr><attrlabl Sync="TRUE">STP19_EE_3</attrlabl><attalias Sync="TRUE">STP19_EE_3</attalias><attrtype Sync="TRUE">Double</attrtype><attwidth Sync="TRUE">19</attwidth><atprecis Sync="TRUE">0</atprecis><attscale Sync="TRUE">0</attscale></attr><attr><attrlabl Sync="TRUE">STP19_EE_4</attrlabl><attalias Sync="TRUE">STP19_EE_4</attalias><attrtype Sync="TRUE">Double</attrtype><attwidth Sync="TRUE">19</attwidth><atprecis Sync="TRUE">0</atprecis><attscale Sync="TRUE">0</attscale></attr><attr><attrlabl Sync="TRUE">STP19_EE_5</attrlabl><attalias Sync="TRUE">STP19_EE_5</attalias><attrtype Sync="TRUE">Double</attrtype><attwidth Sync="TRUE">19</attwidth><atprecis Sync="TRUE">0</atprecis><attscale Sync="TRUE">0</attscale></attr><attr><attrlabl Sync="TRUE">STP19_EE_6</attrlabl><attalias Sync="TRUE">STP19_EE_6</attalias><attrtype Sync="TRUE">Double</attrtype><attwidth Sync="TRUE">19</attwidth><atprecis Sync="TRUE">0</atprecis><attscale Sync="TRUE">0</attscale></attr><attr><attrlabl Sync="TRUE">STP19_EE_7</attrlabl><attalias Sync="TRUE">STP19_EE_7</attalias><attrtype Sync="TRUE">Double</attrtype><attwidth Sync="TRUE">19</attwidth><atprecis Sync="TRUE">0</atprecis><attscale Sync="TRUE">0</attscale></attr><attr><attrlabl Sync="TRUE">STP19_EE_8</attrlabl><attalias Sync="TRUE">STP19_EE_8</attalias><attrtype Sync="TRUE">Double</attrtype><attwidth Sync="TRUE">19</attwidth><atprecis Sync="TRUE">0</atprecis><attscale Sync="TRUE">0</attscale></attr><attr><attrlabl Sync="TRUE">STP19_ACU_</attrlabl><attalias Sync="TRUE">STP19_ACU_</attalias><attrtype Sync="TRUE">Double</attrtype><attwidth Sync="TRUE">19</attwidth><atprecis Sync="TRUE">0</atprecis><attscale Sync="TRUE">0</attscale></attr><attr><attrlabl Sync="TRUE">STP19_ACU1</attrlabl><attalias Sync="TRUE">STP19_ACU1</attalias><attrtype Sync="TRUE">Double</attrtype><attwidth Sync="TRUE">19</attwidth><atprecis Sync="TRUE">0</atprecis><attscale Sync="TRUE">0</attscale></attr><attr><attrlabl Sync="TRUE">STP19_ALC_</attrlabl><attalias Sync="TRUE">STP19_ALC_</attalias><attrtype Sync="TRUE">Double</attrtype><attwidth Sync="TRUE">19</attwidth><atprecis Sync="TRUE">0</atprecis><attscale Sync="TRUE">0</attscale></attr><attr><attrlabl Sync="TRUE">STP19_ALC1</attrlabl><attalias Sync="TRUE">STP19_ALC1</attalias><attrtype Sync="TRUE">Double</attrtype><attwidth Sync="TRUE">19</attwidth><atprecis Sync="TRUE">0</atprecis><attscale Sync="TRUE">0</attscale></attr><attr><attrlabl Sync="TRUE">STP19_GAS_</attrlabl><attalias Sync="TRUE">STP19_GAS_</attalias><attrtype Sync="TRUE">Double</attrtype><attwidth Sync="TRUE">19</attwidth><atprecis Sync="TRUE">0</atprecis><attscale Sync="TRUE">0</attscale></attr><attr><attrlabl Sync="TRUE">STP19_GAS1</attrlabl><attalias Sync="TRUE">STP19_GAS1</attalias><attrtype Sync="TRUE">Double</attrtype><attwidth Sync="TRUE">19</attwidth><atprecis Sync="TRUE">0</atprecis><attscale Sync="TRUE">0</attscale></attr><attr><attrlabl Sync="TRUE">STP19_GA_1</attrlabl><attalias Sync="TRUE">STP19_GA_1</attalias><attrtype Sync="TRUE">Double</attrtype><attwidth Sync="TRUE">19</attwidth><atprecis Sync="TRUE">0</atprecis><attscale Sync="TRUE">0</attscale></attr><attr><attrlabl Sync="TRUE">STP19_RECB</attrlabl><attalias Sync="TRUE">STP19_RECB</attalias><attrtype Sync="TRUE">Double</attrtype><attwidth Sync="TRUE">19</attwidth><atprecis Sync="TRUE">0</atprecis><attscale Sync="TRUE">0</attscale></attr><attr><attrlabl Sync="TRUE">STP19_RE_1</attrlabl><attalias Sync="TRUE">STP19_RE_1</attalias><attrtype Sync="TRUE">Double</attrtype><attwidth Sync="TRUE">19</attwidth><atprecis Sync="TRUE">0</atprecis><attscale Sync="TRUE">0</attscale></attr><attr><attrlabl Sync="TRUE">STP19_INTE</attrlabl><attalias Sync="TRUE">STP19_INTE</attalias><attrtype Sync="TRUE">Double</attrtype><attwidth Sync="TRUE">19</attwidth><atprecis Sync="TRUE">0</atprecis><attscale Sync="TRUE">0</attscale></attr><attr><attrlabl Sync="TRUE">STP19_IN_1</attrlabl><attalias Sync="TRUE">STP19_IN_1</attalias><attrtype Sync="TRUE">Double</attrtype><attwidth Sync="TRUE">19</attwidth><atprecis Sync="TRUE">0</atprecis><attscale Sync="TRUE">0</attscale></attr><attr><attrlabl Sync="TRUE">STP19_IN_2</attrlabl><attalias Sync="TRUE">STP19_IN_2</attalias><attrtype Sync="TRUE">Double</attrtype><attwidth Sync="TRUE">19</attwidth><atprecis Sync="TRUE">0</atprecis><attscale Sync="TRUE">0</attscale></attr><attr><attrlabl Sync="TRUE">STP27_PERS</attrlabl><attalias Sync="TRUE">STP27_PERS</attalias><attrtype Sync="TRUE">Double</attrtype><attwidth Sync="TRUE">19</attwidth><atprecis Sync="TRUE">0</atprecis><attscale Sync="TRUE">0</attscale></attr><attr><attrlabl Sync="TRUE">STPERSON_L</attrlabl><attalias Sync="TRUE">STPERSON_L</attalias><attrtype Sync="TRUE">Double</attrtype><attwidth Sync="TRUE">19</attwidth><atprecis Sync="TRUE">0</atprecis><attscale Sync="TRUE">0</attscale></attr><attr><attrlabl Sync="TRUE">STPERSON_S</attrlabl><attalias Sync="TRUE">STPERSON_S</attalias><attrtype Sync="TRUE">Double</attrtype><attwidth Sync="TRUE">19</attwidth><atprecis Sync="TRUE">0</atprecis><attscale Sync="TRUE">0</attscale></attr><attr><attrlabl Sync="TRUE">STP32_1_SE</attrlabl><attalias Sync="TRUE">STP32_1_SE</attalias><attrtype Sync="TRUE">Double</attrtype><attwidth Sync="TRUE">19</attwidth><atprecis Sync="TRUE">0</atprecis><attscale Sync="TRUE">0</attscale></attr><attr><attrlabl Sync="TRUE">STP32_2_SE</attrlabl><attalias Sync="TRUE">STP32_2_SE</attalias><attrtype Sync="TRUE">Double</attrtype><attwidth Sync="TRUE">19</attwidth><atprecis Sync="TRUE">0</atprecis><attscale Sync="TRUE">0</attscale></attr><attr><attrlabl Sync="TRUE">STP34_1_ED</attrlabl><attalias Sync="TRUE">STP34_1_ED</attalias><attrtype Sync="TRUE">Double</attrtype><attwidth Sync="TRUE">19</attwidth><atprecis Sync="TRUE">0</atprecis><attscale Sync="TRUE">0</attscale></attr><attr><attrlabl Sync="TRUE">STP34_2_ED</attrlabl><attalias Sync="TRUE">STP34_2_ED</attalias><attrtype Sync="TRUE">Double</attrtype><attwidth Sync="TRUE">19</attwidth><atprecis Sync="TRUE">0</atprecis><attscale Sync="TRUE">0</attscale></attr><attr><attrlabl Sync="TRUE">STP34_3_ED</attrlabl><attalias Sync="TRUE">STP34_3_ED</attalias><attrtype Sync="TRUE">Double</attrtype><attwidth Sync="TRUE">19</attwidth><atprecis Sync="TRUE">0</atprecis><attscale Sync="TRUE">0</attscale></attr><attr><attrlabl Sync="TRUE">STP34_4_ED</attrlabl><attalias Sync="TRUE">STP34_4_ED</attalias><attrtype Sync="TRUE">Double</attrtype><attwidth Sync="TRUE">19</attwidth><atprecis Sync="TRUE">0</atprecis><attscale Sync="TRUE">0</attscale></attr><attr><attrlabl Sync="TRUE">STP34_5_ED</attrlabl><attalias Sync="TRUE">STP34_5_ED</attalias><attrtype Sync="TRUE">Double</attrtype><attwidth Sync="TRUE">19</attwidth><atprecis Sync="TRUE">0</atprecis><attscale Sync="TRUE">0</attscale></attr><attr><attrlabl Sync="TRUE">STP34_6_ED</attrlabl><attalias Sync="TRUE">STP34_6_ED</attalias><attrtype Sync="TRUE">Double</attrtype><attwidth Sync="TRUE">19</attwidth><atprecis Sync="TRUE">0</atprecis><attscale Sync="TRUE">0</attscale></attr><attr><attrlabl Sync="TRUE">STP34_7_ED</attrlabl><attalias Sync="TRUE">STP34_7_ED</attalias><attrtype Sync="TRUE">Double</attrtype><attwidth Sync="TRUE">19</attwidth><atprecis Sync="TRUE">0</atprecis><attscale Sync="TRUE">0</attscale></attr><attr><attrlabl Sync="TRUE">STP34_8_ED</attrlabl><attalias Sync="TRUE">STP34_8_ED</attalias><attrtype Sync="TRUE">Double</attrtype><attwidth Sync="TRUE">19</attwidth><atprecis Sync="TRUE">0</atprecis><attscale Sync="TRUE">0</attscale></attr><attr><attrlabl Sync="TRUE">STP34_9_ED</attrlabl><attalias Sync="TRUE">STP34_9_ED</attalias><attrtype Sync="TRUE">Double</attrtype><attwidth Sync="TRUE">19</attwidth><atprecis Sync="TRUE">0</atprecis><attscale Sync="TRUE">0</attscale></attr><attr><attrlabl Sync="TRUE">STP51_PRIM</attrlabl><attalias Sync="TRUE">STP51_PRIM</attalias><attrtype Sync="TRUE">Double</attrtype><attwidth Sync="TRUE">19</attwidth><atprecis Sync="TRUE">0</atprecis><attscale Sync="TRUE">0</attscale></attr><attr><attrlabl Sync="TRUE">STP51_SECU</attrlabl><attalias Sync="TRUE">STP51_SECU</attalias><attrtype Sync="TRUE">Double</attrtype><attwidth Sync="TRUE">19</attwidth><atprecis Sync="TRUE">0</atprecis><attscale Sync="TRUE">0</attscale></attr><attr><attrlabl Sync="TRUE">STP51_SUPE</attrlabl><attalias Sync="TRUE">STP51_SUPE</attalias><attrtype Sync="TRUE">Double</attrtype><attwidth Sync="TRUE">19</attwidth><atprecis Sync="TRUE">0</atprecis><attscale Sync="TRUE">0</attscale></attr><attr><attrlabl Sync="TRUE">STP51_POST</attrlabl><attalias Sync="TRUE">STP51_POST</attalias><attrtype Sync="TRUE">Double</attrtype><attwidth Sync="TRUE">19</attwidth><atprecis Sync="TRUE">0</atprecis><attscale Sync="TRUE">0</attscale></attr><attr><attrlabl Sync="TRUE">STP51_13_E</attrlabl><attalias Sync="TRUE">STP51_13_E</attalias><attrtype Sync="TRUE">Double</attrtype><attwidth Sync="TRUE">19</attwidth><atprecis Sync="TRUE">0</atprecis><attscale Sync="TRUE">0</attscale></attr><attr><attrlabl Sync="TRUE">STP51_99_E</attrlabl><attalias Sync="TRUE">STP51_99_E</attalias><attrtype Sync="TRUE">Double</attrtype><attwidth Sync="TRUE">19</attwidth><atprecis Sync="TRUE">0</atprecis><attscale Sync="TRUE">0</attscale></attr><attr><attrlabl Sync="TRUE">Shape_Leng</attrlabl><attalias Sync="TRUE">Shape_Leng</attalias><attrtype Sync="TRUE">Double</attrtype><attwidth Sync="TRUE">19</attwidth><atprecis Sync="TRUE">0</atprecis><attscale Sync="TRUE">0</attscale></attr><attr><attrlabl Sync="TRUE">Shape_Area</attrlabl><attalias Sync="TRUE">Shape_Area</attalias><attrtype Sync="TRUE">Double</attrtype><attwidth Sync="TRUE">19</attwidth><atprecis Sync="TRUE">0</atprecis><attscale Sync="TRUE">0</attscale><attrdef Sync="TRUE">Area of feature in internal units squared.</attrdef><attrdefs Sync="TRUE">Esri</attrdefs><attrdomv><udom Sync="TRUE">Positive real numbers that are automatically generated.</udom></attrdomv></attr></detailed></eainfo><mdDateSt Sync="TRUE">20200928</mdDateSt></metadata>
